model,label,compute_unit,agree_at_1,ppl,has_nan
small (808K),fp32 (PyTorch),-,1.0,6.373895127059052,False
small (808K),fp16,CPU_ONLY,0.994140625,6.374987217181539,False
small (808K),fp16,ALL,0.998046875,6.375440802361461,False
small (808K),int8,CPU_ONLY,0.98876953125,6.3729258764995,False
small (808K),int8,ALL,0.9931640625,6.370589010575291,False
small (808K),int4,CPU_ONLY,0.8583984375,6.967046602872528,False
small (808K),int4,ALL,0.8583984375,6.966116314305339,False
small (808K),palett4,CPU_ONLY,0.73681640625,8.048173095526703,False
small (808K),palett4,ALL,0.73583984375,8.047678986980731,False
small (808K),int8-wo,CPU_ONLY,0.9892578125,6.370243546212552,False
small (808K),int8-wo,ALL,0.99267578125,6.371097645103695,False
small (808K),int4-wo,CPU_ONLY,0.85498046875,6.742024226771922,False
small (808K),int4-wo,ALL,0.85546875,6.742594638353754,False
small (808K),palett4-wo,CPU_ONLY,0.89404296875,6.534537697426505,False
small (808K),palett4-wo,ALL,0.89208984375,6.535262942692856,False
large (19M),fp32 (PyTorch),-,1.0,,False
large (19M),fp16,CPU_ONLY,0.99169921875,,False
large (19M),fp16,ALL,0.99609375,,False
large (19M),int8,CPU_ONLY,0.96875,,False
large (19M),int8,ALL,0.96875,,False
large (19M),int4,CPU_ONLY,0.68994140625,,False
large (19M),int4,ALL,0.689453125,,False
large (19M),palett4,CPU_ONLY,0.65380859375,,False
large (19M),palett4,ALL,0.65087890625,,False
large (19M),int8-wo,CPU_ONLY,0.96875,,False
large (19M),int8-wo,ALL,0.96875,,False
large (19M),int4-wo,CPU_ONLY,0.716796875,,False
large (19M),int4-wo,ALL,0.71630859375,,False
large (19M),palett4-wo,CPU_ONLY,0.82763671875,,False
large (19M),palett4-wo,ALL,0.8310546875,,False
OpenELM-270M,fp32 (PyTorch),-,1.0,48.25935177636492,False
OpenELM-270M,fp16,CPU_ONLY,0.98974609375,48.26653569555621,False
OpenELM-270M,fp16,ALL,0.041015625,2497.930566407134,False
OpenELM-270M,int8,CPU_ONLY,0.970703125,48.28425899864922,False
OpenELM-270M,int8,ALL,0.03564453125,2696.174979409345,False
OpenELM-270M,int4,CPU_ONLY,0.70703125,60.70492518734224,False
OpenELM-270M,int4,ALL,0.69091796875,39.39075147466326,False
OpenELM-270M,palett4,CPU_ONLY,0.0,,True
OpenELM-270M,palett4,ALL,0.0,103214642.98417932,False
OpenELM-270M,int8-wo,CPU_ONLY,0.97265625,48.29853710913498,False
OpenELM-270M,int8-wo,ALL,0.0341796875,2716.1547864139384,False
OpenELM-270M,int4-wo,CPU_ONLY,0.830078125,52.72070871174437,False
OpenELM-270M,int4-wo,ALL,0.83203125,52.66937200044097,False
OpenELM-270M,palett4-wo,CPU_ONLY,0.76416015625,56.37691405248288,False
OpenELM-270M,palett4-wo,ALL,0.0078125,2582.25093423715,False
OpenELM-270M fixed,fp32 (PyTorch),-,1.0,48.25935177636492,False
OpenELM-270M fixed,fp16,CPU_ONLY,0.98974609375,48.26334485389347,False
OpenELM-270M fixed,fp16,ALL,0.9931640625,48.2680193483042,False
OpenELM-270M fixed,int8-wo,CPU_ONLY,0.970703125,48.28548993078584,False
OpenELM-270M fixed,int8-wo,ALL,0.97412109375,48.241264980261285,False
OpenELM-270M fixed,int4-wo,CPU_ONLY,0.83203125,52.711843600272985,False
OpenELM-270M fixed,int4-wo,ALL,0.83154296875,52.66696732226057,False
OpenELM-270M fixed,palett4-wo,CPU_ONLY,0.765625,56.38240483117921,False
OpenELM-270M fixed,palett4-wo,ALL,0.76513671875,56.37660098962526,False
