model,label,compute_unit,median_ms,mean_ms,std_ms,file_size_mb
small (808K),fp16,CPU_ONLY,0.27729145949706435,0.281980000436306,0.019243308415837122,1.6031608581542969
small (808K),fp16,CPU_AND_GPU,1.2070420198142529,1.3736349937971681,0.44683484272558044,1.6031608581542969
small (808K),fp16,ALL,1.1251044634263963,1.274935120018199,0.2935422836037144,1.6031608581542969
small (808K),int8,CPU_ONLY,0.2564169990364462,0.2578349644318223,0.003928900991334459,0.8491725921630859
small (808K),int8,CPU_AND_GPU,1.4099995023570955,1.450039214687422,0.11114467969171059,0.8491725921630859
small (808K),int8,ALL,1.967041491298005,2.201675776159391,0.5691759281772064,0.8491725921630859
small (808K),int4,CPU_ONLY,0.2562705194577575,0.25952918105758727,0.014845720147472437,0.4613008499145508
small (808K),int4,CPU_AND_GPU,1.4466874999925494,1.6126715787686408,0.6089671206320002,0.4613008499145508
small (808K),int4,ALL,1.7084379796870053,1.5984374342951924,0.39000323518724705,0.4613008499145508
small (808K),palett4,CPU_ONLY,0.2845205017365515,0.2854991389904171,0.005983599616304483,0.4538288116455078
small (808K),palett4,CPU_AND_GPU,1.8512289971113205,1.7551392200402915,0.2560252594838863,0.4538288116455078
small (808K),palett4,ALL,1.3723750307690352,1.677519145887345,0.5333027281038425,0.4538288116455078
small (808K),int8-wo,CPU_ONLY,0.2570830110926181,0.26135997963137925,0.01482392061938266,0.8556451797485352
small (808K),int8-wo,CPU_AND_GPU,1.5728335129097104,1.6999333468265831,0.4715884077540642,0.8556451797485352
small (808K),int8-wo,ALL,1.548854517750442,1.6367716761305928,0.21512143527616287,0.8556451797485352
small (808K),int4-wo,CPU_ONLY,0.2572505036368966,0.26477833976969123,0.019887452446212987,0.5115289688110352
small (808K),int4-wo,CPU_AND_GPU,1.3986880076117814,1.4852624794002622,0.2979880812825505,0.5115289688110352
small (808K),int4-wo,ALL,1.4435000193770975,1.6383491375017911,0.5582484105776584,0.5115289688110352
small (808K),palett4-wo,CPU_ONLY,0.25939548504538834,0.25954500189982355,0.003869876791470003,0.4959096908569336
small (808K),palett4-wo,CPU_AND_GPU,1.3000210165046155,1.5842725581023842,0.6262646279294081,0.4959096908569336
small (808K),palett4-wo,ALL,1.628750003874302,1.6142141376622021,0.39717370324149776,0.4959096908569336
large (19M),fp16,CPU_ONLY,2.410291985142976,2.4637266574427485,0.16404445768520154,36.27982521057129
large (19M),fp16,CPU_AND_GPU,5.110312515171245,5.27024838142097,1.8381450554888155,36.27982521057129
large (19M),fp16,ALL,2.9278540168888867,2.9507149837445468,0.49119182329187405,36.27982521057129
large (19M),int8,CPU_ONLY,2.3105414875317365,2.351625879528001,0.12383251939218312,18.249835968017578
large (19M),int8,CPU_AND_GPU,7.232562493300065,7.348128401208669,1.2638890941297143,18.249835968017578
large (19M),int8,ALL,4.538458480965346,4.425021641654894,0.6160533435508071,18.249835968017578
large (19M),int4,CPU_ONLY,2.260645997012034,2.2789174551144242,0.06417498178934904,9.202461242675781
large (19M),int4,CPU_AND_GPU,5.248791974736378,5.267023362684995,1.885633447526814,9.202461242675781
large (19M),int4,ALL,3.3637085289228708,4.171564176212996,1.6906262033438455,9.202461242675781
large (19M),palett4,CPU_ONLY,2.406957995845005,2.436329978518188,0.09173268774147435,9.15184497833252
large (19M),palett4,CPU_AND_GPU,5.807395500596613,6.159171599429101,1.8784919676302445,9.15184497833252
large (19M),palett4,ALL,5.394062522100285,6.073598304064944,2.377945638091537,9.15184497833252
large (19M),int8-wo,CPU_ONLY,2.359375008381903,2.391354903811589,0.11734904036219587,18.28077507019043
large (19M),int8-wo,CPU_AND_GPU,6.646354508120567,7.1386749763041735,1.5092220127198674,18.28077507019043
large (19M),int8-wo,ALL,3.9582710014656186,3.9079191407654434,0.7864463561133702,18.28077507019043
large (19M),int4-wo,CPU_ONLY,2.2697085223626345,2.2856366797350347,0.057445730656402405,10.324956893920898
large (19M),int4-wo,CPU_AND_GPU,2.917688019806519,2.9835167166311294,0.22187687893114255,10.324956893920898
large (19M),int4-wo,ALL,2.7389789756853133,3.5107341583352536,1.7126813672489696,10.324956893920898
large (19M),palett4-wo,CPU_ONLY,2.243875031126663,2.26659755804576,0.07288882536225069,9.343708992004395
large (19M),palett4-wo,CPU_AND_GPU,3.623500029789284,3.6193367186933756,0.3648784316019124,9.343708992004395
large (19M),palett4-wo,ALL,5.9290414792485535,6.198258238146082,1.6655314312250609,9.343708992004395
OpenELM-270M,fp16,CPU_ONLY,32.71945897722617,33.91784842242487,4.087314412855177,518.4704666137695
OpenELM-270M,fp16,CPU_AND_GPU,35.40770849213004,36.62761581828818,6.172935691855139,518.4704666137695
OpenELM-270M,fp16,ALL,10.938313032966107,11.071028319420293,0.4076990336676367,518.4704666137695
OpenELM-270M,int8,CPU_ONLY,30.90731200063601,31.053946684114635,0.5404421305995879,259.9334030151367
OpenELM-270M,int8,CPU_AND_GPU,39.47700053686276,40.703310042154044,4.580096386856856,259.9334030151367
OpenELM-270M,int8,ALL,10.906520998105407,10.910113322315738,0.1255035651533096,259.9334030151367
OpenELM-270M,int4,CPU_ONLY,32.46141650015488,32.419395020697266,1.7554297823524843,130.47636890411377
OpenELM-270M,int4,CPU_AND_GPU,30.81154200481251,31.41086504328996,14.033727776098914,130.47636890411377
OpenELM-270M,int4,ALL,23.76945852302015,24.084256684873253,1.9766993963416344,130.47636890411377
OpenELM-270M,palett4,CPU_ONLY,30.695645487867296,30.918929196195677,0.6073395109538827,130.11260986328125
OpenELM-270M,palett4,CPU_AND_GPU,43.69985396624543,40.200299200369045,9.228212117733484,130.11260986328125
OpenELM-270M,palett4,ALL,9.423770505236462,9.429729219991714,0.521602672655941,130.11260986328125
OpenELM-270M,int8-wo,CPU_ONLY,30.42191651184112,30.4552166943904,0.2003774292199319,259.94014167785645
OpenELM-270M,int8-wo,CPU_AND_GPU,37.70333298598416,37.52721908153035,1.1877260202876387,259.94014167785645
OpenELM-270M,int8-wo,ALL,10.931770520983264,10.943146739155054,0.08650353285533982,259.94014167785645
OpenELM-270M,int4-wo,CPU_ONLY,30.520541535224766,30.613950000843033,0.375569418080922,146.30562114715576
OpenELM-270M,int4-wo,CPU_AND_GPU,30.783750000409782,31.785974154481664,5.571798573930692,146.30562114715576
OpenELM-270M,int4-wo,ALL,31.131063005886972,32.074809117475525,5.188167697616759,146.30562114715576
OpenELM-270M,palett4-wo,CPU_ONLY,30.975457979366183,31.568315817276016,2.5315785960713666,130.48740100860596
OpenELM-270M,palett4-wo,CPU_AND_GPU,47.9925834806636,46.8665442802012,14.11036624021876,130.48740100860596
OpenELM-270M,palett4-wo,ALL,8.909249998396263,9.157549999654293,0.47838771089164644,130.48740100860596
OpenELM-270M fixed,fp16,CPU_ONLY,30.20710396231152,30.177745858673006,0.30263116423767933,518.4908332824707
OpenELM-270M fixed,fp16,CPU_AND_GPU,34.95322950766422,35.93525746255182,4.068007722240968,518.4908332824707
OpenELM-270M fixed,fp16,ALL,11.252458003582433,11.643241599667817,0.7478128828215271,518.4908332824707
OpenELM-270M fixed,int8-wo,CPU_ONLY,29.91181251127273,29.971649977378547,0.17010284352319147,259.96105766296387
OpenELM-270M fixed,int8-wo,CPU_AND_GPU,39.50637549860403,39.56053329864517,1.1643366844159786,259.96105766296387
OpenELM-270M fixed,int8-wo,ALL,10.613916994770989,10.678721679141745,0.19215724382008625,259.96105766296387
OpenELM-270M fixed,int4-wo,CPU_ONLY,31.346208998002112,31.41319408081472,0.4151246431218338,146.32653713226318
OpenELM-270M fixed,int4-wo,CPU_AND_GPU,33.600437483983114,32.62782335979864,10.834939673941717,146.32653713226318
OpenELM-270M fixed,int4-wo,ALL,32.12895800243132,33.04532330366783,6.596860918073655,146.32653713226318
OpenELM-270M fixed,palett4-wo,CPU_ONLY,30.422667012317106,30.429177577607334,0.25877537997924754,130.50831699371338
OpenELM-270M fixed,palett4-wo,CPU_AND_GPU,45.09249998955056,45.14824508107267,2.0033077941796495,130.50831699371338
OpenELM-270M fixed,palett4-wo,ALL,9.014291979838163,9.209892437793314,0.45214525391710075,130.50831699371338
