model,variant,size_mb,ops_ane,ops_gpu,ops_cpu,ms_CPU_ONLY,ms_CPU_AND_GPU,ms_ALL
small,naive,1.68,0,99,0,0.263,1.895,1.878
small,flash,1.77,0,343,0,0.493,2.372,2.425
small,int8,0.89,0,103,0,0.262,1.718,2.448
small,int4,0.53,0,103,0,0.265,1.841,1.466
small,palett4,0.52,0,103,0,0.268,1.248,1.239
medium,naive,38.08,0,143,0,2.646,2.238,2.672
medium,flash,38.25,0,509,0,3.478,5.357,4.326
medium,int8,19.2,0,147,0,2.58,4.043,3.988
medium,int4,10.85,0,147,0,2.382,5.822,5.399
medium,palett4,9.82,0,147,0,2.147,5.044,3.79
openelm,naive,543.68,1079,0,7,30.894,45.7,11.815
openelm,flash,544.36,1985,0,13,35.127,36.481,35.054
openelm,int8,272.59,1077,13,0,30.315,38.444,11.104
openelm,int4,153.43,0,1090,0,30.875,34.092,32.784
openelm,palett4,136.85,1077,13,0,30.371,45.155,8.981
